date,close,open,high,low,volume
2020-01-02,100.64148290419384,100.55249168155876,100.78337521489733,99.61945333120768,7043885
2020-01-03,98.59936736961788,98.8889361121475,100.10969166525187,96.96425899308841,7805087
2020-01-06,100.12044081040028,99.70476003567906,101.12916503552428,99.70476003567906,4420382
2020-01-07,102.05227313257852,102.10887306849231,102.3141944924528,101.77281074030397,9979006
2020-01-08,98.17626248611083,98.47281349544691,98.91270404535996,97.88098305782644,5486250
2020-01-09,95.68110794155521,96.08746720219746,97.53138297348488,93.90893895743648,2443503
2020-01-10,95.95484131792138,96.26437541064179,97.836021205665,95.64231821322467,1057588
2020-01-13,95.37846564748172,94.93683543158751,96.54971309196311,94.93683543158751,2821647
2020-01-14,95.37502987658276,95.25361969657186,96.25871110816533,95.23380577650637,7219843
2020-01-15,93.78978276254709,93.36650804012619,95.18248486682502,93.2613041367119,5854939
2020-01-16,95.48258585622217,95.10951848438016,96.49305996918834,95.05958639664989,4040474
2020-01-17,97.00860855088187,97.17867010196358,98.2915873018012,96.97009003886978,5332378
2020-01-20,97.1659495153328,97.37316386669833,97.63836465891434,96.73603429723967,8543123
2020-01-21,99.41123750108703,99.68334661910684,99.82899007328582,99.10860308884672,6144128
2020-01-22,100.37521833407578,100.74204614210284,100.74204614210284,99.9640323278232,1522867
2020-01-23,98.6945274095753,98.930833165858,99.33659810023322,98.6033790279764,1441666
2020-01-24,99.45492374940635,99.75415536191963,100.12546123912344,97.54447828001709,5338454
2020-01-27,97.59505848452491,97.15486935334052,98.29026425914545,97.12949577311653,4638488
2020-01-28,99.3546595133978,99.090907815991,100.22849331033946,99.090907815991,8654512
2020-01-29,99.28528270681574,99.40630925572465,101.55060835935092,99.24587287671704,6246804
2020-01-30,98.94855834291482,99.30291816890225,99.30291816890225,97.99792559604431,7811757
2020-01-31,97.63944013174206,97.15563682787966,98.50526670778038,95.73272198139725,6266722
2020-02-03,100.08625240487241,100.10089436514816,100.57575171406928,98.11071605583251,4107512
2020-02-04,99.8073420887853,99.98428792994925,99.99294050572131,99.53406574823101,6916005
2020-02-05,98.9856798994729,98.5200584764193,99.69199615938211,98.5200584764193,6592857
2020-02-06,98.32049709975531,98.22350939358051,100.92766991628353,98.15317828325983,7481944
2020-02-07,99.40264320348801,99.79591473301839,100.77242084826405,98.94327667580762,2703168
2020-02-10,100.16187088897138,100.3337614890065,101.97542043350495,99.49644181953305,6773924
2020-02-11,101.02239636148846,100.75737255350138,103.29518184692719,100.08022225290077,3569229
2020-02-12,101.9271822139032,102.28676207871938,103.14557793374627,101.4338726992642,8112188
2020-02-13,106.41979581447355,106.25807116556379,107.82981094310374,106.14222270161335,8186723
2020-02-14,105.58996202393168,105.96305852800627,105.96305852800627,103.36445359996719,6622845
2020-02-17,104.54508937112847,104.3348948315044,105.89431040983854,103.74089068996098,9520283
2020-02-18,102.88820403248393,102.98113291649524,103.31105662474364,101.63118934966262,5837568
2020-02-19,104.19483807531398,104.0874549457833,105.01022397661197,103.52324148164647,1226240
2020-02-20,106.6062387972758,106.3661882531721,107.56665119940767,105.66848509059423,6455767
2020-02-21,106.3954790814557,106.80675885165407,106.95293920932085,105.6785923082889,7999269
2020-02-24,104.65402991233321,104.32708411078215,105.41665872483681,103.75345089435874,1910740
2020-02-25,102.97336188607704,102.54582842341121,103.56715498911511,101.36819639009192,1941405
2020-02-26,104.35329276914838,104.18833832453977,104.93719157025905,103.43904321493922,3458408
2020-02-27,105.94787962077736,106.17846368292834,106.54774354565981,105.7079557901488,8598222
2020-02-28,107.1372107974376,107.46658444519036,107.72598614758058,106.3366043647737,5746598
2020-03-02,105.75236298797573,106.2797958870672,106.93971713598535,105.6916504808368,9787958
2020-03-03,106.27641505394445,106.05999594844631,107.53486419472401,105.08895933407615,8856884
2020-03-04,106.55668588302531,106.45859187706223,106.64886332160198,106.11488451056954,5993503
2020-03-05,107.05587316601104,106.6670690140525,107.40595643638245,106.4363819012535,7111464
2020-03-06,108.97074512476182,109.05233362436132,109.83436642751802,108.8748913011966,3979016
2020-03-09,109.49198648901948,110.03679675619146,110.03679675619146,109.2515585902197,1813672
2020-03-10,111.02213935706243,111.24516175206045,111.65556178040777,110.73491853036795,4588639
2020-03-11,111.20565295838773,111.31153501926964,111.89311597915939,109.56172321537838,6330474
2020-03-12,111.88411011272788,111.76368823013718,113.62041737514326,110.87637867812606,2639732
2020-03-13,113.3396847146494,113.81038302018091,114.78701076372917,112.67401721386925,2995641
2020-03-16,110.11731005454762,110.11391469314823,111.21990524610575,110.10521310255542,1134947
2020-03-17,109.44835873059245,109.04817931823759,111.2910162047464,108.48635797327738,7606149
2020-03-18,108.456088324918,108.31008307206088,109.03196467168351,106.83209595700664,9094862
2020-03-19,107.11122903219376,106.64761593153561,108.23040514343694,105.70775407955111,8446967
2020-03-20,106.5553931250478,106.23783571706203,106.627836541709,104.3840835028099,4419973
2020-03-23,109.82232134984851,109.29261400854759,110.27495336469893,109.29261400854759,6341106
2020-03-24,107.96932695209267,107.91888359238644,109.92108508492578,106.76189968798866,9647237
2020-03-25,110.11362026152281,110.26176741797067,110.30253615480598,109.69017821366242,6322263
2020-03-26,106.50110372837528,106.33420847118326,108.16186408533099,105.79672865632187,3662987
2020-03-27,105.82191648811441,105.7376629528474,106.84553107765812,105.143023685892,4047322
2020-03-30,106.19878939455374,106.68646408310221,107.8096048340611,105.95317068631306,7544189
2020-03-31,107.48347943378505,107.75429816374374,108.34002709307133,107.16174063526921,5016250
2020-04-01,109.05601918307481,109.10057580489905,109.3853364539639,108.32303806667105,8535750
2020-04-02,110.83345092136909,110.59465013793054,111.63742737790156,110.30685008803128,8776975
2020-04-03,110.09615616763455,110.53323438319217,110.78809369761568,109.33436376491767,1322503
2020-04-06,109.1155153669324,108.82646522079486,109.96060925454469,108.82646522079486,7509882
2020-04-07,111.03734794568287,110.84341314565424,111.08013980957816,109.87840295749587,4329635
2020-04-08,110.64651012129616,111.09912606258932,112.57136996808629,110.21125234273563,5677782
2020-04-09,107.89157630288182,107.92344969200114,108.41186452559884,106.38437191842095,3383144
2020-04-10,105.50528595020099,105.76094419564309,106.55963860538245,104.81357424002096,4314091
2020-04-13,103.61395377819058,103.70797804727152,103.71488766686642,102.49014582918615,3973422
2020-04-14,104.68074814575961,104.84136945769968,105.51377451993932,103.2021188964678,1453417
2020-04-15,105.01085642503247,104.80018710132047,105.48042051056476,103.9354414626766,8044942
2020-04-16,106.50303116824884,106.22758457443328,106.55581283245301,106.19429434947924,2287066
2020-04-17,105.62851819645395,105.4410194930829,105.75051795119093,105.4410194930829,4382185
2020-04-20,105.99576996369835,105.6305525965737,106.88195513991542,105.6305525965737,2737226
2020-04-21,107.36250387578194,107.7643771507249,108.07333118900812,106.63402357216198,2445484
2020-04-22,106.73232497529206,106.50097938769466,107.42635085707457,106.33658481452437,4360451
2020-04-23,107.7441644358271,107.81041567005553,108.38368498232272,107.49035164704358,9268892
2020-04-24,106.35909423708657,106.66963559107087,107.9937969853285,105.43171274251459,9497292
2020-04-27,105.62129133043744,105.92107001986717,107.15210802533379,105.02790400438683,4435301
2020-04-28,104.84941894057896,104.78481729071693,105.24254626923432,104.20334443314468,5546380
2020-04-29,102.40222312805585,102.37791008421823,102.7842369955632,101.17916632351992,9871287
2020-04-30,103.43546298906314,103.94716003348907,104.08048724920037,102.33442067571514,3113561
2020-05-01,102.4996952513335,102.67865713315354,102.67865713315354,100.6255956291163,9502367
2020-05-04,102.55607352643865,102.87875435950507,103.17115301245141,101.80758977695876,1951751
2020-05-05,103.5779677775652,103.9949249980904,105.25600368033604,101.70433085604301,3032687
2020-05-06,104.53848326155455,104.83912531436309,104.9186877915734,103.04846600256275,4044749
2020-05-07,105.97073453172537,105.63711677111507,106.20178160027075,104.2475608550214,1333757
2020-05-08,105.7939418067382,105.85971467660936,107.05671794404236,105.02708947732862,8341575
2020-05-11,104.93354979663039,104.51580320395274,107.2112535985614,103.44128312177232,8698743
2020-05-12,104.79781542829778,104.95807447624334,106.90855094820127,104.31908854782523,4450085
2020-05-13,101.35064508899345,101.81214467187084,102.15723269992625,101.24782746360341,8527473
2020-05-14,98.48891348505659,98.50145315684998,98.54846820260866,96.51136143537711,7952552
2020-05-15,95.94642820217545,95.88211770316911,96.18672248184015,95.69050437627851,8212649
2020-05-18,94.0799600576663,93.64328110359574,95.32783298187483,93.0793634890247,8224344
2020-05-19,94.86364494013404,95.29980381052162,95.29980381052162,94.67426388556629,6161340
2020-05-20,93.18911872710083,92.81916042707148,95.05617149026838,91.73424748237127,1997386
2020-05-21,92.5147149067619,92.09014553828536,93.27722083527867,92.01249116803854,9311378
2020-05-22,94.97866409426112,94.73748155417921,95.13984910371829,94.00559564166447,6477937
2020-05-25,94.3326154121331,93.92276890727855,94.74678644860433,93.59382136519605,9111378
2020-05-26,95.76308817512755,95.72010763498143,96.14094332317835,94.67433600100854,9631864
2020-05-27,94.01975842976388,94.03488414164246,96.02162514168135,91.99267077346835,2684462
2020-05-28,93.66234165388455,93.48679027918166,93.90365370516623,93.41281249938687,4619242
2020-05-29,91.92709010413093,91.5143011423444,92.70431812308024,91.39244772412371,2732445
2020-06-01,91.33326800716162,90.97852993055587,92.772332630019,89.91667129043867,1458496
2020-06-02,92.9090692848294,92.80176337735512,93.5235855635643,92.48817377465404,9697657
2020-06-03,89.7811333361098,89.38657079857211,90.82031820089361,89.3771448275949,9309724
2020-06-04,90.59176633602767,90.77130990915423,91.46629503475089,89.61723812997916,9385678
2020-06-05,91.05084089605754,90.78408063546317,91.09953636700378,90.54589805734442,8952996
2020-06-08,90.00228352951709,89.82414342166821,91.87829306694519,89.03808498092506,6838962
2020-06-09,87.46282845718369,87.37022786729659,88.00008675694713,86.93548275236208,5699273
2020-06-10,87.61537319379478,87.54231041260064,88.27586612665752,87.50145037476369,9923265
2020-06-11,86.71844631693263,86.28629422524142,86.93619857993984,86.18156806384975,5970278
2020-06-12,87.14907392330014,86.8109968441514,89.31098841648816,86.13734990424423,6781882
2020-06-15,87.21333020729968,87.52970926415007,88.08234007384219,87.18509916446418,2905669
2020-06-16,90.07951375095064,89.63022691891085,91.19010581821642,89.63022691891085,7720373
2020-06-17,89.67622231803591,89.68354649419217,92.1674226452044,89.2548906861433,8375056
2020-06-18,87.88557673323389,87.87635051110733,88.19099968832319,87.50287166324478,7106749
2020-06-19,88.22772153122717,88.08046431238428,89.26880933211957,87.53916287612694,5487400
2020-06-22,88.64336194720356,88.58248790911205,89.3565601117571,88.19143973192777,2780812
2020-06-23,91.1134015791333,91.3690485977232,91.72852086546652,90.61058428047832,1304900
2020-06-24,92.67577641315738,92.99198959704256,93.05014393822627,89.97227584450825,6645792
2020-06-25,93.36761475326861,93.14385790453396,93.89557165902063,92.2562547096291,7147134
2020-06-26,96.16934095795598,95.99863118489726,97.93522724652404,93.23845280503619,7953538
2020-06-29,93.93803330492479,93.69612676163665,94.12867297556421,93.35932896612321,9554466
2020-06-30,92.77157732682753,92.75289628589876,93.12043961997516,91.82034578235698,5476250
2020-07-01,91.09553538763295,91.26247556968484,92.44835462714745,90.80650134655035,8462354
2020-07-02,90.41521847412565,90.16951771777875,91.49153349812332,89.08956321483882,7446620
2020-07-03,87.98610253175725,87.83717350821203,88.65524462658442,87.02376591920739,3494783
2020-07-06,89.13765811339638,89.52129288239566,89.63750124303755,88.22229838009429,8606085
2020-07-07,88.76899567479232,88.36826516722188,88.78874481883975,87.06329540117866,1479925
2020-07-08,86.22165078533722,86.18782569136516,87.56919546775484,85.24821602086821,6390010
2020-07-09,84.51336890236347,84.69216373050077,84.70671016085022,84.46680026212691,9463162
2020-07-10,85.07047330293214,84.77311287615268,85.89350144035569,84.0560969516827,6930669
2020-07-13,86.53444493523885,86.14276755581791,86.7879335934298,86.02984954408801,9433564
2020-07-14,90.0871161921595,89.76118584493051,91.51850818697558,89.17072811805633,1505425
2020-07-15,95.52179192690544,95.92185934637143,95.92185934637143,94.69435809292294,5791737
2020-07-16,96.3456839035338,95.87287688413967,97.06059672487129,95.64002132111811,8025510
2020-07-17,94.48601512347471,94.19152297745842,96.26045187290241,92.86164827452369,6780856
2020-07-20,90.56890206598942,90.14439068982216,91.54230584448251,90.14439068982216,8924828
2020-07-21,91.0824498912857,90.72780167118663,91.88082728024852,90.29623924291221,5163400
2020-07-22,89.64041846114219,89.74812078445386,89.88253313860108,88.48091071257862,7143427
2020-07-23,88.92552057958308,88.69577163420422,89.29186845362925,87.7249379104488,4777888
2020-07-24,87.86989336722752,87.93070992213822,89.50382947185525,86.46025896357476,8849077
2020-07-27,87.64910657782032,87.72816202498927,88.05978890202655,87.61992403609631,2075035
2020-07-28,89.56467794262765,89.87764857332726,90.1539132203953,88.52399513364875,3287078
2020-07-29,89.87339827760475,89.42829253715233,92.30963740157404,89.26470895277869,1870776
2020-07-30,89.61558973945867,89.93226386440747,89.93226386440747,88.89721428784141,7318903
2020-07-31,87.8048047034121,87.90939698461379,88.50538410576951,86.68562850480863,3094589
2020-08-03,84.93808365953635,84.65162443961694,85.30144572217198,84.65162443961694,3854239
2020-08-04,84.14120549750746,84.37085830613789,84.51057784166119,83.10802255066399,8529766
2020-08-05,84.07596659052811,84.3748495404361,84.51880764748796,82.24280262531822,4241644
2020-08-06,87.1280915562055,86.9139860193438,88.02759937662678,86.79728669306753,2312490
2020-08-07,87.38160951100745,87.7475581699106,89.39998874423,85.80624474940858,1188734
2020-08-10,89.14280489916561,89.10220697511068,89.43416233629927,88.47230760401631,3040287
2020-08-11,88.2835436203946,88.3748503936501,88.93003110451046,87.48095537518019,9232168
2020-08-12,86.24178853154366,86.6597589574453,87.03170320593195,85.49043620905434,5937526
2020-08-13,84.61846546500968,84.50129941953149,84.71082241739033,82.92528119392303,9953495
2020-08-14,83.42499706135162,83.68625023639939,83.68625023639939,83.37793571309814,2936180
2020-08-17,87.07914206548608,86.92100557530775,87.5687644584162,86.86547509597553,4163311
2020-08-18,85.68601703247357,85.94240118210489,86.79297949287009,84.16389208570514,2468860
2020-08-19,87.16121366568447,87.24901457193816,87.46856781633404,86.59121146148038,4585415
2020-08-20,85.62702029495166,85.38414412853685,87.26502649640138,85.38414412853685,6069846
2020-08-21,87.26350648716608,87.18848264194258,87.67030946165936,86.36946663278336,8273160
2020-08-24,87.96432816796032,87.80391257891047,88.29526061754,87.16555678831685,4312839
2020-08-25,87.71549912037416,87.34543479161763,88.16030904816756,86.66054780714737,7943781
2020-08-26,87.67031530509458,87.25811996558606,88.03006165354908,87.25811996558606,6635433
2020-08-27,86.55565419866979,86.42277279452287,86.7754732560745,86.04839336774691,3626311
2020-08-28,87.35751378880539,86.9373539781656,87.6875561827547,86.9373539781656,9209848
2020-08-31,86.59216885969549,86.30250745388435,87.38562281003148,86.03755461514486,4908206
2020-09-01,84.52076698735141,84.71109365726214,85.98568861487823,84.2918056160312,2358938
2020-09-02,82.4126146693614,82.58410809758604,83.12301144935725,82.218013686706,9664290
2020-09-03,82.72238761822747,82.91974701029382,83.03647337729008,82.11488453093743,9220902
2020-09-04,85.40222030366283,85.246065052053,85.72414208203217,84.98793936940936,1445872
2020-09-07,85.70163739951843,86.03589046044502,86.66748449185519,85.49733465891265,9122409
2020-09-08,85.52418189007318,85.60442969863749,86.66048274033352,85.44839553835489,9526398
2020-09-09,86.04029111427558,85.71852309002367,87.11203906022864,85.66992351103924,8461788
2020-09-10,88.3437736593503,88.02902128003608,89.19151214147553,87.64007660393065,3294969
2020-09-11,88.75887050661461,88.93025982655735,90.10334973655397,88.54954669553733,6681573
2020-09-14,88.05880483902868,87.77080317830601,88.788918944878,87.77080317830601,5844168
2020-09-15,90.05590123232898,90.06246874046286,90.42049713018424,89.96162168241284,6581319
2020-09-16,90.85871622575269,91.30553620130745,92.31724507283846,89.31721934594829,6547995
2020-09-17,93.72086572237728,93.25601735561621,93.74363744079517,92.46467228045618,6752913
2020-09-18,94.09317734598804,93.63831192166117,94.4361794292414,93.36879453429515,5626007
2020-09-21,91.84442922522572,92.2972999450974,92.35515338653121,90.10565697793001,7214459
2020-09-22,89.39215932647339,89.46781980793467,89.5506170900406,89.197934158696,5739458
2020-09-23,92.42075121615092,92.0759386128126,92.6899094793787,90.96504783459834,1148339
2020-09-24,95.69105721949822,96.07123989479923,97.10117154005218,95.22344514213653,1317537
2020-09-25,95.3767143085498,95.7395085406886,96.54606516813124,95.21397771485216,9622833
2020-09-28,94.67696392392551,94.71123737598727,97.39140450819752,94.146347382535,9183254
2020-09-29,97.51435551986191,97.63312023285518,97.82390368078343,97.48408004239853,6270433
2020-09-30,95.40764291191434,95.19124615750302,95.56473257632426,95.16715572108059,2571305
2020-10-01,93.74367062581865,93.32231129045769,95.3861521408755,93.0068673032835,8033192
2020-10-02,94.98611140162919,95.07593749596012,95.07593749596012,94.71076982658808,2289613
2020-10-05,94.26769769785899,94.07421814384682,95.44487289973345,94.07421814384682,4395536
2020-10-06,94.28632331529874,94.4405955843648,95.31080820043245,93.56294254953379,3968738
2020-10-07,94.00681572728219,94.3229091110685,94.32305553782122,93.24885586186856,1111574
2020-10-08,94.67204661841002,94.21587934391874,95.53907544777846,93.38427631704889,8263092
2020-10-09,97.40411084714985,97.49733999834073,98.05858077949013,97.02352860963066,5587611
2020-10-12,97.61001625518048,97.34771914628799,99.05210042164686,97.07772613053116,3846274
2020-10-13,98.90491060142062,99.27470468602138,99.44152692836325,98.67578704614965,5564711
2020-10-14,94.95997125203061,94.72605113827817,95.39888809871839,94.04344562960239,1000007
2020-10-15,94.89595487019864,95.00107124584338,96.67166516913886,94.812572036969,4932903
2020-10-16,93.33698830258528,93.38696171023683,95.07521942702141,92.97109709983135,5676226
2020-10-19,91.11661894321912,91.0220093687427,91.66573547627222,90.83977255389405,4057453
2020-10-20,89.55716760604572,89.71623973100593,89.72060929600879,89.47518695742875,8473425
2020-10-21,88.98739199844435,89.18829850830203,89.49955582743132,88.51502749743331,3248434
2020-10-22,90.65968288026862,90.72036847323221,91.9378207037371,88.6523391403065,2240422
2020-10-23,88.31278549761957,88.5410053736227,89.357111335027,87.91365499822714,5747903
2020-10-26,88.39341917072008,88.82072805304534,88.82072805304534,87.804827094365,8985490
2020-10-27,87.56786865108931,87.49717720176113,87.74656797598384,87.18781549895769,4377503
2020-10-28,87.02197496358323,87.03466542334398,87.44982338974556,86.80280627736053,1419626
2020-10-29,88.81147184115716,88.37848916408775,89.32715689820184,87.56385579142426,9729386
2020-10-30,89.79938599338628,90.06521781931808,90.42319593730508,88.79122781410678,4998678
2020-11-02,92.26142282751503,92.28008737521063,92.49752612853426,92.17451757207002,2556345
2020-11-03,92.00436175986391,91.91968226129424,92.60399847764354,90.98225669611882,6540534
2020-11-04,90.75986151971833,90.39144179554854,90.76784356771653,89.68092270376235,3876990
2020-11-05,90.38153229782597,90.73370974243306,90.84537015082708,89.81603712900419,9440125
2020-11-06,90.8481919913112,90.75280796716626,91.22870850234541,89.69937845465562,3645644
2020-11-09,91.19694154087942,91.3634503742627,93.23038878480807,89.57620514497503,5951221
2020-11-10,89.26715359519736,88.95415988481805,90.66680044829819,88.67906393649679,5889782
2020-11-11,89.45568786043381,89.86857025635703,90.58366801671602,89.44656685506638,3181972
2020-11-12,89.89191117046856,89.60285632464412,91.12154932096487,88.46243309430294,5493522
2020-11-13,94.562164376983,94.27804478242481,95.36798418783312,94.27804478242481,1981647
2020-11-16,98.20865368558681,98.56120591990255,100.39799328548192,98.18107367561363,6793664
2020-11-17,96.57592316343091,96.974378757399,97.5373270941876,95.93823223073348,7824862
2020-11-18,96.05124011841467,95.7747541336278,96.98403117774173,95.49236555582578,9550015
2020-11-19,93.30866353269256,93.28048514504975,93.33481066089904,92.8639516735254,3932024
2020-11-20,92.24045603845323,92.45583280324854,92.45583280324854,92.22691501047188,3566989
2020-11-23,92.85237998620349,93.20370157509909,93.20370157509909,92.1188588550712,5939281
2020-11-24,95.14746892360503,95.03239062420171,95.51904890137533,95.02384395598988,7234944
2020-11-25,93.79826093722987,93.81422491991506,95.11254929570282,93.73279089002968,9932181
2020-11-26,92.60687536741573,92.83072138244833,92.83072138244833,91.37198646700905,1225361
2020-11-27,88.74060879208491,88.94572026490412,89.54942941205358,87.43451355124273,3144748
2020-11-30,88.47891613941837,88.72927619557214,89.20836026857664,87.9788745553222,3361496
2020-12-01,86.6447130832743,86.70530703978443,87.44284150455249,84.39031441795052,3298437
2020-12-02,85.75781433232285,85.41874088114265,86.31923603523796,85.41874088114265,5173477
2020-12-03,84.2922557621778,84.63277396173561,84.92065360717008,83.88926876838032,8856191
2020-12-04,84.15873723042931,84.46639846318311,84.46639846318311,83.05773340621923,1278953
2020-12-07,81.27595177389566,81.51823330207057,82.03099656135743,80.87488079020424,8342574
2020-12-08,78.94956822749468,78.63366138089688,79.63500319236505,78.42890828781432,6559025
2020-12-09,82.40896371855516,82.1653606520422,83.75673203360711,82.08187113513559,6536799
2020-12-10,80.33824325933818,80.533947513239,80.533947513239,80.24685999108748,7104795
2020-12-11,78.61873664987232,78.24383541664287,78.68434302899476,78.03944507808824,2038677
2020-12-14,81.58523658215599,81.97621313332604,81.97621313332604,81.20785940666829,7720585
2020-12-15,86.49180458332455,86.38554480033757,89.04817264110505,85.62986628005862,3233185
2020-12-16,84.51409559031579,84.6994455946808,85.56825466896784,83.67428081657908,5649170
2020-12-17,83.9191095251996,84.24435573143589,84.85970901905358,83.67188983499963,7091902
2020-12-18,84.51968485141354,84.43062636495041,85.08142465210747,83.73987266539929,6435501
2020-12-21,87.5192191735689,87.36092533985267,87.83480619425904,86.9415595145012,3908124
2020-12-22,85.83452161292323,85.92785904070954,87.0282097988831,84.189550321002,4564587
2020-12-23,85.44011476677468,85.50931218065391,86.66934638205828,84.78783133788977,5288600
2020-12-24,86.80484776867647,86.72597686457108,86.92987075973171,85.60767936054049,1371277
2020-12-25,87.58920777748969,87.67835147987168,87.8432518630043,86.71827753330538,7534380
2020-12-28,86.95881971976365,87.33742222001841,88.98129037606475,86.38450665896622,1899566
2020-12-29,86.75241098288757,86.72433812532327,88.0679593312602,86.32045083257215,5127253
2020-12-30,84.42472378816555,84.16869921189826,84.68354096716662,84.16869921189826,6894963
2020-12-31,84.04873588483112,83.94552906570208,84.5473299512283,83.10490468052697,1723525
2021-01-01,83.62722039492235,83.53866500787267,83.89946463919047,82.98591059339347,9959997
2021-01-04,84.04164650422439,83.73162417603267,84.47017338774027,83.01238444427098,4395013
2021-01-05,83.13833634328411,82.85805331750609,83.22581793793191,82.17480494143851,1142229
2021-01-06,83.95128530508642,84.10622753788613,84.28309784490993,81.5524290220591,6927705
2021-01-07,85.69470257738419,85.55714351628298,86.95199918645045,85.38067335723828,6018251
2021-01-08,85.98729877472326,86.37845361404973,86.37845361404973,85.48589983993551,6762989
2021-01-11,86.62034553323593,86.3982481481071,88.61225755146945,86.1934286984243,7759078
2021-01-12,86.73849883787938,86.3906119744007,86.81720757548501,85.16834697740535,5280704
2021-01-13,86.76467073780573,86.98462313719823,88.3136963641763,86.24172326699956,8440973
2021-01-14,85.54720757831844,85.87317328060084,85.87317328060084,84.61226621780213,4331349
2021-01-15,86.11626003844928,85.92517955986214,86.94552566977652,84.87015381465547,5906844
2021-01-18,85.97465231245825,85.7185235936505,86.59763414461827,84.49385934075842,2426641
2021-01-19,89.67713922411377,89.3953432833928,90.4427660707922,89.3953432833928,6579243
2021-01-20,92.57165344504205,92.59203059637834,92.99721084858474,92.2201703737422,3354371
2021-01-21,93.31677681852915,93.28730424612961,94.23926284153285,93.02840710767963,7270524
2021-01-22,91.93104299459233,91.70989353034115,91.96805121675449,91.70989353034115,8209490
2021-01-25,89.93530098793883,89.52625106172921,91.09222270573514,89.06782942868567,8730696
2021-01-26,92.13117649312737,92.11412424721686,93.38439852933593,92.10138392522948,9361737
2021-01-27,92.64438787169584,93.06993351345953,93.96654965559541,92.15272972134063,2100605
2021-01-28,93.56639072350433,93.70909743480892,95.22029093621224,93.3829965763478,2241923
2021-01-29,90.38510858572066,90.3810471820502,90.48406704674237,90.07585332390332,9335639
2021-02-01,92.10491386546117,91.74634213557474,93.14113460049896,90.8090767850726,4427449
2021-02-02,92.97370415873957,92.74353500791074,92.98617731278561,91.1349175964921,1234156
2021-02-03,90.95893023116975,90.77225881114707,93.01497931323175,90.72101632406743,3582908
2021-02-04,90.13220999529449,90.37088328940544,90.37088328940544,90.08128827822675,8525797
2021-02-05,90.63604090592997,90.97747665823579,90.97747665823579,89.47034355975515,4194907
2021-02-08,90.75842192382838,91.12294573191089,92.66071731307615,90.72713308036258,1690663
2021-02-09,90.25670144470695,90.69405708675059,91.57186606040838,90.20818615440973,7498982
2021-02-10,90.0971095226454,90.53170796142284,90.53170796142284,88.15460862810907,2751653
2021-02-11,89.67110032955267,90.07730963638905,91.20075719819816,88.85049797801032,4175216
2021-02-12,89.97211473180984,89.58687405680689,90.37696976135445,89.58687405680689,1035047
2021-02-15,92.68712976696857,92.35141099158963,93.20924848641303,92.32837614017916,6417974
2021-02-16,88.07568103568212,87.90346359722317,88.1766020589518,87.0595739961252,5007310
2021-02-17,87.68575446582336,87.73213869899904,87.97506794700622,87.54681809730629,8803444
2021-02-18,88.02225672119657,87.66750756374972,88.70672617822684,87.12231080855372,4009233
2021-02-19,88.57145076710046,88.87772814933432,89.28842454350499,87.88318597380338,2841446
2021-02-22,87.94145315024183,88.04413023076512,88.71363062404406,87.85765744449613,2493936
2021-02-23,84.93080382482272,84.96678425223357,86.09690632360268,84.53334778020663,2801428
2021-02-24,85.51542439717988,85.22921395494812,85.79622966273119,84.97723779048098,5059811
2021-02-25,88.54791042466064,88.32942330315477,88.70618181272359,88.13366578234096,1784498
2021-02-26,85.89851473081215,85.60672780555274,86.42790133995783,85.60672780555274,4621337
2021-03-01,87.42166178276048,87.72932759766924,87.72932759766924,86.87142634129867,8692135
2021-03-02,86.87519895178643,86.94837207278744,87.41603194796939,86.76063331427213,7908949
2021-03-03,86.79474749095033,86.99882748384292,87.72492795145715,86.08410338769933,6735338
2021-03-04,85.01163562640487,84.83823982702432,85.3122493020667,84.83823982702432,9038172
2021-03-05,84.47021722820193,84.36146405107482,85.40275882667504,83.80738896512031,8021935
2021-03-08,86.72133268848687,86.63882164565062,87.00126695123318,85.96614357667012,6873105
2021-03-09,87.76414185755222,87.99234176620453,88.77350452212323,87.05805596451994,8767605
2021-03-10,90.8853881864722,91.13291725655768,91.53247126761612,89.24204945050313,2119693
2021-03-11,93.07889622522617,92.80600149275455,94.17860390078641,91.64223011153261,8364325
2021-03-12,93.92806408420637,94.34279298452,94.45997393541889,93.68698950714524,3658517
2021-03-15,97.29113782615894,96.9220690876751,97.89882158891245,95.62309499056175,7597564
2021-03-16,98.17855074286146,98.56745766255743,99.47956059648722,97.47773310557214,9219864
2021-03-17,99.84785034943286,99.44885399171146,100.17763776005134,99.0771504611017,5464225
2021-03-18,99.28714552452558,99.05336382417106,99.49736997318246,99.00946238220028,1798610
2021-03-19,99.4492066684081,99.79377682380398,99.94517919605305,98.93996564924022,4332056
2021-03-22,98.1010972585971,97.78667546476781,100.16827607267669,96.72681678233343,4661702
2021-03-23,100.09204676860979,100.00553514199349,100.13522006132614,99.04379562824967,9430614
2021-03-24,97.79017949538263,97.74114681479774,99.74355219530362,97.00966389418575,9482541
2021-03-25,99.36214088374888,99.1090247456355,99.49364320589542,99.1090247456355,6116193
2021-03-26,99.01369199382454,99.22186352990715,99.22186352990715,98.62708815002601,9555983
2021-03-29,101.39087382784311,101.747095098932,101.94662598166073,100.88762728814142,4926616
2021-03-30,102.95587158194664,103.34151868191424,103.87794976613452,102.01769851097438,4700828
2021-03-31,106.8059234856079,106.63431001952499,108.93933623326635,106.59382975594403,8528559
2021-04-01,108.41092652850881,108.44437172679392,110.23475225465293,107.88038086602397,7006571
2021-04-02,105.08694730265245,104.8225552728659,105.30793600089821,104.8145522049124,5701393
2021-04-05,104.97781200487024,104.7099049560377,105.72827377808589,104.7099049560377,5110710
2021-04-06,102.57650082765994,102.22902709863757,103.92233043162007,102.22902709863757,7350456
2021-04-07,101.5491860660566,101.99602179006756,101.99602179006756,101.3307556598891,7781144
2021-04-08,104.69672542029673,105.10293701884333,106.72211575283755,103.88790153918931,5415309
2021-04-09,106.07204337921839,106.36624343393538,107.41705165114767,105.483189010648,1284231
2021-04-12,104.63100359567667,104.64948302265029,107.50801721064579,104.58473890178229,2297414
2021-04-13,102.56180186167103,102.55216917058763,102.80192523132669,101.7319476721845,5158792
2021-04-14,102.65986105978766,102.69039791936193,102.85325594309597,102.59038984028307,6527789
2021-04-15,100.2222280366722,100.25887731462792,100.64763402160045,100.19414798840317,8233907
2021-04-16,98.91562313817231,98.85089580563863,99.98280306253571,98.72453637471192,3092970
2021-04-19,99.56467018296435,99.19802809686864,100.75797250526959,97.36775053840637,8079381
2021-04-20,101.9225922176646,101.54105911290048,102.09625651558795,101.3887494244449,6994470
2021-04-21,103.20206420064852,103.66879524274283,105.40511212984516,102.76625321601848,1464913
2021-04-22,98.60905219240162,98.59133289474354,99.21774770828331,97.55545187485667,4161006
2021-04-23,99.24091701922426,99.69068233812196,99.79206160275622,99.14365902097563,3723942
2021-04-26,99.4138132857488,99.07936223110545,99.72139124362647,97.08967230406499,8979810
2021-04-27,100.27023351271873,100.32479711651874,101.25436554923002,99.89117263212975,9290771
2021-04-28,103.59541478412795,103.29262326039503,104.80212328217883,103.25967320999484,8373334
2021-04-29,99.4374004006027,99.19197358914649,101.4348545370323,98.64308873363045,5752057
2021-04-30,98.29825114181902,97.8363030114202,99.24135184412673,97.8363030114202,5435540
2021-05-03,99.49668852166482,99.11755968412989,100.24214052387475,99.11755968412989,3803375
2021-05-04,96.42760064991627,96.82955756774048,98.05466954626074,95.61152994843015,7956055
2021-05-05,99.34627309330648,99.16897277164306,100.27045639001237,99.02926426807079,1776538
2021-05-06,100.11090161634681,100.21915074530516,101.62895194041113,98.8503903882925,3440240
2021-05-07,101.8509293540668,101.81529592235529,102.1166582484763,101.75420630266419,2216883
2021-05-10,100.72473439421046,100.62446417539103,101.5707442073474,100.39015852478897,5448337
2021-05-11,102.40818775288665,102.4408417211794,102.65084947225682,99.63908560741389,3697803
2021-05-12,104.65153315057391,104.32422391101595,104.76137346999467,104.23895740617604,2777338
2021-05-13,105.17163760680192,105.68551032828563,106.60602132803932,104.41494708261754,4387723
2021-05-14,105.6975461431033,106.03398974950369,106.03398974950369,104.9637263826463,8747975
2021-05-17,106.30247222099737,106.55931454883866,108.19544085311875,105.30038016671978,6022089
2021-05-18,104.51406303002362,104.48141210201376,105.35356188600844,103.53521634312358,8407608
2021-05-19,104.23740762295604,103.87557573379434,104.81195559198683,103.85759017887743,9225142
2021-05-20,103.95110169316119,104.38838848728355,104.38838848728355,103.81870699657259,9119347
2021-05-21,104.78267987221695,104.61648099079561,106.42468550197232,104.61648099079561,4159003
2021-05-24,106.9311291871235,106.4500531902791,107.70567682230916,106.14893609539418,8897292
2021-05-25,104.72252708438938,104.55748823215339,105.33172038186338,103.83579527238345,9184384
2021-05-26,104.49237189558194,104.80005703096039,104.87425974302906,103.36848090233957,9636366
2021-05-27,107.66700570141768,107.79912253288028,109.14841066330388,107.42551150690635,4159025
2021-05-28,106.10948292907771,106.3756464543371,106.77624426277902,105.47180813946837,3055026
2021-05-31,104.41010046910209,104.71668546840563,105.17084340878996,104.06290314690462,6258464
2021-06-01,104.8648672160019,104.56280880138969,105.67393454437853,104.016034637809,9386418
2021-06-02,106.68283205977612,107.13493610318116,107.5460255891397,105.96007204345732,9105580
2021-06-03,106.73923109145029,106.67304167041074,106.89486805326521,105.94523965747868,6140918
2021-06-04,109.64720442769118,109.79962900788225,110.07706510410746,109.07535188367285,2343151
2021-06-07,111.5757640971575,111.02046130732664,111.73188571747284,110.52254073922687,4802455
2021-06-08,113.50424761166495,114.06424181373953,114.43109504356656,112.0273776177911,7427090
2021-06-09,114.80357105344692,114.55203228022661,116.12017523776173,114.07638050452574,6043365
2021-06-10,120.31047006417856,119.78358612907256,121.44165462028019,119.58259969004216,4109245
2021-06-11,119.85377023926296,119.80374572242357,120.61461775025789,118.35894032816904,4083421
2021-06-14,115.180673856658,114.75338817671462,116.5207708194044,111.94104549931242,1537748
2021-06-15,118.97186775671584,118.55823435009908,119.16467304101124,116.93836953670858,3596977
2021-06-16,117.92314174873597,118.07913379785481,118.78364539709467,117.05242488662878,7024392
2021-06-17,118.21330712031606,118.08673304887124,120.08946850894,117.48490617566196,3171829
2021-06-18,121.38674567639372,121.898818637193,121.898818637193,120.35396342520718,9940532
2021-06-21,117.593822332839,117.38116154240794,117.8524532411708,116.32665100316345,1741851
2021-06-22,114.72105333725389,114.98052956297545,115.11283569853991,114.37728818581222,6298964
2021-06-23,111.13859209018715,111.09535854454626,111.1529720548913,109.7864758496976,5469084
2021-06-24,109.42017347905733,109.59519247023498,111.01070433284885,109.05356953926955,8499737
2021-06-25,110.41963885440246,110.52972210724288,111.81356455913716,110.3625537545872,8989855
2021-06-28,111.61682085013113,111.58644318576302,111.64966250977952,111.0799119471441,5891313
2021-06-29,112.26894041969615,112.7742192418723,113.42394185753444,111.69891906683254,6671367
2021-06-30,109.17388965114112,109.00217401704612,111.5912041282731,108.51556361439226,7290583
2021-07-01,104.27585715924947,103.9392917115714,104.63636651376493,103.88648178966713,5688780
2021-07-02,104.42059560862053,104.60656248773483,105.66280599203311,102.2056850338775,2663991
2021-07-05,103.47100321348054,103.82902070836035,103.82902070836035,103.22843498541197,4857336
2021-07-06,104.45737847237919,103.97713958149562,105.03210557601801,102.51187572533955,3173972
2021-07-07,105.96599059875422,105.91261837810336,106.71100471492115,104.90381321023139,5179614
2021-07-08,106.29125638908023,106.70843648562135,106.70843648562135,104.44125389455307,6536388
2021-07-09,107.95189266191714,108.22136068548093,109.70169948334366,107.93317960166237,2883496
2021-07-12,108.48044399454979,109.01395918900589,111.02359802427911,108.34830914668818,3244825
2021-07-13,109.66949051754422,109.70394188467505,110.70341696852162,109.15577044120464,8406422
2021-07-14,108.16715324820106,108.34021606254726,109.23259422115976,105.9919917184927,4399588
2021-07-15,107.8116278441903,107.59867861997184,108.30273982917205,107.21976047106216,2785446
2021-07-16,108.26923477656254,108.7537781456736,109.77032519479712,107.48309363689944,7418563
2021-07-19,110.09367662604117,109.94652045104883,111.64596411147949,109.0686235910754,7449604
2021-07-20,109.26288697810872,109.52349066854221,109.52349066854221,108.17119242474617,8435437
2021-07-21,110.44085521549714,110.33388242856627,111.24660650815777,110.33388242856627,7839865
2021-07-22,109.88818567023424,109.95611737088123,110.3035311422903,109.69807126339043,9927713
2021-07-23,109.6630531504599,109.90407338865602,110.15932059739174,107.62736520997704,6173821
2021-07-26,111.53103493546166,111.54099928737266,111.88888186659428,111.32993664681625,3581397
2021-07-27,107.20487088644303,107.64128725760274,107.64128725760274,107.18978492816746,8766337
2021-07-28,104.49218024530683,104.40785608815617,106.1408246418574,104.26736619121299,3383339
2021-07-29,101.4705420721124,101.61977662292364,102.55383525669033,100.64519041154162,3619453
2021-07-30,96.87255106942922,96.71984353712321,96.92576787574656,96.34988957478514,8456449
2021-08-02,95.59599436841664,95.508195822151,96.67880046545218,95.42692406368876,8934554
2021-08-03,97.06876037916795,97.01056776238161,98.29623349659347,96.98062192182569,4054069
2021-08-04,96.54622565041385,96.18495644994562,97.91888479152561,95.96232220440986,7564694
2021-08-05,96.9579827926474,96.56212630764298,97.26083632801999,95.91000641943786,9301558
2021-08-06,99.12305593520695,99.28907706541355,100.4692670687313,98.83128947657102,8188748
2021-08-09,101.82094099207237,101.97929061666285,102.33827191797015,101.35647846079407,1044945
2021-08-10,101.71075314711734,101.87644984439025,101.9093566470533,101.2656102653745,6981217
2021-08-11,104.5332026083772,104.03119909369386,104.76075539001268,103.89466685428246,2529021
2021-08-12,104.75740856077189,104.57570352808801,105.1594684645756,104.30255143893025,8617087
2021-08-13,103.04845535446418,102.73705306983149,103.34546064701588,102.2339670852281,1603362
2021-08-16,101.86122125182662,102.14454968775928,102.14454968775928,100.86340366012128,9937889
2021-08-17,98.91892553614132,99.27565725435905,99.27565725435905,97.641203163016,2595958
2021-08-18,97.20653129208134,96.9602880737007,97.28293436793622,95.47788722341711,4781465
2021-08-19,96.54194429444782,96.70398913588153,97.19656773176253,95.70548930850511,3106764
2021-08-20,98.13550917084017,97.77178247083742,98.65771704134632,97.77178247083742,8325241
2021-08-23,101.60214700106307,101.37369713959676,104.56308213271672,101.37369713959676,4541491
2021-08-24,98.86161426203334,98.50438226394643,100.61837193889177,98.50438226394643,7701217
2021-08-25,99.67128145542345,99.45551382940803,99.99422889035968,99.02415278343314,1604963
2021-08-26,97.64775893606486,97.81838525859368,98.3900675212553,96.19714093230401,5075831
2021-08-27,98.60881397741507,99.01343247697892,99.17818381098184,98.51742387488503,9199467
2021-08-30,98.38013620564553,98.08747734538007,98.42593951131938,97.6242268612385,9342540
2021-08-31,94.87125854709029,94.91117945713252,95.59403975952547,94.78967544963658,2878241
2021-09-01,96.67808414337442,96.87278520169183,97.81454138052247,95.91041805999578,4549833
2021-09-02,95.54398572032619,95.97672589894019,95.97672589894019,94.49332830740029,4682031
2021-09-03,94.5575572143117,94.66162771838809,95.62799820462486,94.33601040814612,6089193
2021-09-06,92.58375292794089,92.35702173402564,94.75419189782112,92.35702173402564,5836033
2021-09-07,91.40754336337886,91.52223986407154,92.86133673727032,90.87803594424744,1953481
2021-09-08,92.22081047146166,92.05526596589323,92.56669582770847,90.2049891902693,7864001
2021-09-09,91.89999071958069,92.33755266643966,92.89052866348213,91.64516166613156,3031976
2021-09-10,92.53381714132445,92.44098363968766,93.66261473240748,92.08495246600341,3834468
2021-09-13,93.23401337621978,93.40689508219732,94.00857347876129,92.22935970272664,8566265
2021-09-14,95.75815925795568,95.30161076696129,95.89790708208118,94.52584038154437,7206871
2021-09-15,95.13244852330341,95.03737452999262,95.14865708460684,93.62666411464008,4568974
2021-09-16,92.39131301680726,92.73787986598194,92.73787986598194,91.53809792268216,9212265
2021-09-17,94.41287084832746,94.51693974307963,95.43679274654679,93.427253280403,4546756
2021-09-20,93.81714709421904,93.76455590949237,95.47322643396375,93.76455590949237,6089458
2021-09-21,95.9607729674273,96.37910196154071,96.89525727595147,95.87422363039238,3213829
2021-09-22,96.72839846515039,97.07080188301445,97.07080188301445,95.85541837542402,2648745
2021-09-23,96.5039832503694,96.3324142940137,96.70064086349633,96.2096719464644,5424493
2021-09-24,97.20866004199218,97.25196494668667,98.63871144901135,96.01360037998288,6067174
2021-09-27,101.10706994332,101.09678154681015,101.61568771230475,100.29215342149975,8252352
2021-09-28,105.42709426005221,105.56647151446245,107.97221801969803,103.95778585628308,4518137
2021-09-29,105.605165634184,105.42997856288736,106.28990320371477,104.60973807957554,9056477
2021-09-30,105.97583526579038,105.7047543787839,107.55710688798248,105.45411950137635,6466459
2021-10-01,108.3141609422459,108.7611429780479,108.7611429780479,107.64205140479991,1631029
2021-10-04,106.52957876026467,106.9811304790526,106.9811304790526,104.84410290270081,7651913
2021-10-05,107.27376183922868,107.64205721404055,108.52836940597565,106.4749763532435,6173386
2021-10-06,107.2504583994516,107.76333484353309,107.76333484353309,107.19178764016591,4504181
2021-10-07,107.95829510904473,108.2227837834381,108.70767526535204,106.69985539424418,5205460
2021-10-08,106.2056830438366,106.48677468172406,106.74372389741131,105.104774077117,3716120
2021-10-11,102.91323660288828,103.18347656552552,104.22320145837415,102.82625445725189,6528536
2021-10-12,98.76335167172668,98.74419911807675,99.29301653340362,98.09655617698179,6102563
2021-10-13,96.60967767621833,96.56760628170349,96.98223355839072,94.30914297431748,5025481
2021-10-14,95.75620340534617,95.50745394994176,95.98261552019206,94.76628901959826,3566773
2021-10-15,95.22491138248394,95.3628153319774,96.71725437820052,94.09892387295868,4587803
2021-10-18,99.01647050170544,98.80786273641617,99.40112394419836,98.68774028185966,5480541
2021-10-19,101.26147899991425,101.01623221356543,103.04349441319947,101.01168399417483,5246926
2021-10-20,99.3614538349376,99.44686630597593,100.10844973327139,98.28379302828324,3783627
2021-10-21,100.08485929846513,99.99476529837632,100.21359003833747,99.5334674070069,6237992
2021-10-22,99.3031064845648,99.02392236342182,101.67342377183093,96.94238317611475,3038932
2021-10-25,98.76957160713505,99.0817387809204,99.85617078064632,97.99444850665738,5508848
2021-10-26,99.16608697019463,99.52365004995046,99.52365004995046,99.0290343514229,2093945
2021-10-27,100.43186254746396,100.09812698582219,102.23791637946297,100.09812698582219,5249300
2021-10-28,99.78265227253405,99.2912297276062,100.97145245451703,99.2912297276062,8055820
2021-10-29,101.95906140444163,101.79198105843102,102.6689126776171,101.15423067324024,8360517
2021-11-01,99.6867340476845,99.9833128832126,99.9833128832126,99.08018838338133,7252242
2021-11-02,99.729287556249,100.06754323662147,100.06754323662147,99.51559268262788,7710831
2021-11-03,105.07904381599384,104.69900346111137,105.37532034543473,103.13893053908764,1593548
2021-11-04,105.58058076039775,105.87022619810108,106.3182516223698,105.09968101260212,4072406
2021-11-05,108.68336539580554,108.26569975176159,108.78044181544578,108.23084247997193,6888253
2021-11-08,108.9151516361845,108.79541313954859,110.65567280394278,107.72748935755655,8205194
2021-11-09,110.2206973855518,110.77026827022864,110.77026827022864,109.52490197559304,6245641
2021-11-10,110.12862840377215,109.79008289380903,110.62422999894504,109.12822732497987,8682856
2021-11-11,109.78686333259742,109.40696080392091,110.03653997234855,109.40696080392091,3457575
2021-11-12,108.12102831208905,108.03755923778513,109.86723794275287,104.80843801541334,2381429
2021-11-15,109.08825782186295,109.21880213200457,110.16663000906162,107.69401349355667,1777424
2021-11-16,107.27831320966219,107.74272186690655,107.74272186690655,105.2548412964197,6244142
2021-11-17,108.74853736111206,109.27142332420217,109.53806816088273,108.15418550506799,6986661
2021-11-18,111.16815450090832,110.68973193888512,111.48009283917949,108.96241909710096,3567807
2021-11-19,112.01968206274783,111.6141680326217,113.700727156557,110.63596186567428,8052914
2021-11-22,111.41362353734148,111.73754524905807,112.55607011681772,111.39874358885783,7652550
2021-11-23,112.46352259589123,112.20556743463266,113.06836418092486,111.22086759942111,4241202
2021-11-24,111.80490853494294,112.23518867392161,113.17834330053698,111.49525514143434,3149067
2021-11-25,113.95075790456796,114.13701413000021,114.67947686530965,113.42822629341356,7680855
2021-11-26,109.88543083904881,109.45890482782066,110.58893237689266,109.45890482782066,7042631
2021-11-29,109.18308344747136,109.5461491741172,109.77083367645298,108.4215442018303,2537074
2021-11-30,104.9527131664357,104.6130404062641,105.21294085877973,102.56248812019756,3296121
2021-12-01,101.89151627025646,101.81356456787898,102.03558629132873,100.90214319146737,5373700
2021-12-02,104.74050663527615,104.79516539383646,105.654950541426,103.08525122720826,5600293
2021-12-03,106.66463131849113,106.66544852858297,107.23508586065144,106.18820145997731,2493628
2021-12-06,105.17230665126307,105.36809848374477,106.82617088453338,103.97178499746836,9537818
2021-12-07,102.08950737477815,102.24538451023281,103.5003323330678,100.86167604619291,4497839
2021-12-08,96.24137656373813,96.71492456313015,96.75326278554137,95.83080605555256,4431767
2021-12-09,95.22947115561566,95.70506799860513,96.41894436010885,94.12010072120627,1544791
2021-12-10,99.98275939729496,99.99921596223038,100.39290068995064,99.05517694612499,8881646
2021-12-13,100.88643219986055,100.4780430011829,101.35632908370863,98.29111113998249,3116295
2021-12-14,99.79359519005796,100.02096820949848,102.16330043794794,99.04514149346771,9882501
2021-12-15,100.75638857555951,101.23665808640752,102.50724704537011,100.24515007916686,5464155
2021-12-16,97.6887537054003,97.51127901766351,97.8876804198126,97.38970982210495,8873657
2021-12-17,97.13871171496324,97.10103052640598,98.23439075074663,96.66251623387417,2612097
2021-12-20,97.36137039671281,97.2881321798586,97.84175270326513,96.49483399792788,2492794
2021-12-21,97.22301965036083,96.78689580684795,97.36051193271614,94.53706310060394,8210023
2021-12-22,98.80257167749924,98.97277336563363,101.10009839692746,98.37307741839223,8376923
2021-12-23,99.51581119914147,99.36985901666549,99.75149063039451,99.1482415298017,5887840
2021-12-24,100.88518201282524,101.17519046596834,102.80493366967617,100.38759425625959,1289344
2021-12-27,99.53562425322082,99.866202043423,99.98695689410518,97.60923051051574,9493508
2021-12-28,101.36946593921068,101.69509587201725,101.69509587201725,101.35590694929559,4539716
2021-12-29,104.75776237784969,104.67046354209634,105.83144740969303,103.4053092279909,9423860
2021-12-30,102.77556903854297,102.5921615979922,102.94407318115432,102.50689272177684,8836600
2021-12-31,100.99729723111118,101.24859949352428,101.58405131951675,100.16264818399864,8663409
2022-01-03,103.76299903038786,104.07572974570378,106.12437137291586,103.47324961948733,7198769
2022-01-04,103.39768400174006,103.38864440378613,104.06045356026054,101.98239239338004,7059256
2022-01-05,106.3737665183393,106.79184841740548,106.79184841740548,106.31426172463757,5794663
2022-01-06,105.46807252200242,105.092509887338,106.53613066080308,104.94482357379866,1223010
2022-01-07,108.61496404927784,109.02668946802646,109.02668946802646,108.21707166509317,4490776
2022-01-10,108.93364167337909,108.49365350176298,109.56946594178024,108.49365350176298,7574871
2022-01-11,109.53054732097097,109.1510519289499,110.10933535456883,109.08696797049961,8310672
2022-01-12,113.04634210356063,113.0845970007342,113.73173207803892,110.5204501837691,6036096
2022-01-13,112.26503190790808,111.77950639169467,113.76756734903063,111.77950639169467,7386025
2022-01-14,110.20474901333846,109.71192120183098,111.35894019573436,109.71192120183098,1195700
2022-01-17,109.25326358101333,108.70756400803893,110.78028132884042,107.87909902855343,5215647
2022-01-18,110.27920587458064,110.20897639261707,111.01002772503449,109.02174361139643,5569525
2022-01-19,106.91137323232378,107.2049773950372,108.96722141491908,106.89884704924637,9032359
2022-01-20,108.31564698645069,107.81180413602354,109.53674859035624,105.73406409264045,3799465
2022-01-21,107.18691669088562,107.35011692468373,107.35011692468373,106.63307887112144,3069532
2022-01-24,109.70889498228709,110.0633943916103,110.740740288688,107.27393429873543,4171409
2022-01-25,104.61063740694112,104.2633309784528,105.16431254059832,103.07292670017156,2533523
2022-01-26,103.00874906584794,102.6449878165896,103.08422905077673,102.6449878165896,6025817
2022-01-27,99.6221534429947,99.98159114255878,99.98159114255878,98.62625665698808,6785233
2022-01-28,98.01886642248147,98.33558950228662,98.33558950228662,97.13462731096546,8210078
2022-01-31,98.5351456020038,98.57351692809219,98.57351692809219,97.00538010270559,9747949
2022-02-01,98.21203463770941,98.52552733372514,98.52552733372514,97.95594245163734,1662448
2022-02-02,97.7449181023616,97.34685786376332,99.15437903656638,97.34685786376332,3225309
2022-02-03,97.46345735233461,97.36061539157201,97.96686657924077,96.98438466886361,3706410
2022-02-04,97.89008584005565,98.12286607185374,98.78541211161718,97.80721083967305,3247033
2022-02-07,95.96413763162464,95.73137849604747,97.27724784018731,93.30839164332782,8445538
2022-02-08,97.35962024572552,97.6052867185882,97.6052867185882,96.54712934195345,2255489
2022-02-09,98.68814892644154,98.69227271376579,99.49714890449728,97.65241817930622,1267646
2022-02-10,99.48089605828902,99.72986290562906,99.72986290562906,98.64134007640527,8745071
2022-02-11,100.62455316887906,100.58901221229537,101.01561357079353,99.13585099732506,9653665
2022-02-14,101.25323490824385,101.11948377954505,102.74914378636018,101.06078119078764,3037577
2022-02-15,105.49105063797384,105.19482039213243,106.02545052968412,103.32346134640461,3995698
2022-02-16,105.33905444771688,105.03186400341032,106.7208954987618,105.03186400341032,5528606
2022-02-17,104.72549290205453,104.98886789302878,105.42843974571363,103.8753986786987,5733536
2022-02-18,103.19000750391794,102.79676106345752,103.989370812524,102.18927040342567,9917852
2022-02-21,101.11179323533904,100.69317256522541,101.6952046133417,100.69317256522541,4637381
2022-02-22,98.65583040848219,98.33647296654081,98.96543116874862,97.97335922400863,1109268
2022-02-23,96.94670421461302,96.63196335734983,97.42343713110178,95.49053635861169,4804812
2022-02-24,96.83880371536202,97.15169727200136,97.70343460679219,96.11303850728144,6008374
2022-02-25,97.51767867937004,97.41870469456877,98.27296291249606,96.88231139046488,5652008
2022-02-28,97.64676444078755,98.12561290259116,98.25114572301081,97.03979087080347,5610601
2022-03-01,96.19196372097335,95.84299010568353,96.82333977277017,95.84299010568353,9303549
2022-03-02,97.96884385325707,98.11926504534344,98.52299359540655,97.77530024730541,8267026
2022-03-03,99.4582304649998,99.40723774011148,100.55146693556836,98.27946685345833,3265368
2022-03-04,99.17091696557793,99.06472293950496,99.79450001579683,97.00260240633067,4197533
2022-03-07,97.91369943248924,98.2809582477698,99.58796881608464,97.76674944561833,7008240
2022-03-08,99.02328565160902,99.49423608652428,101.26878144919831,98.70245985465726,4693072
2022-03-09,99.42608490521744,99.79680397014495,100.45088649651902,98.22376048868611,4855619
2022-03-10,96.6167341556815,96.31944512074604,96.68477081672604,95.0985608075642,2511441
2022-03-11,96.51441278921801,96.24494254237753,97.64961561805134,94.99913797062166,3289316
2022-03-14,97.05065597750082,97.20212670097212,97.80532763130046,96.0820675333989,7667337
2022-03-15,95.3485545990213,95.1474488427013,95.9493291653313,95.01267497983895,8586380
2022-03-16,95.73998630203361,95.96471211009037,96.75210623372487,95.28011431295282,8062380
2022-03-17,93.0223317977137,93.08411783589204,94.00082186684719,90.66709502758253,3770501
2022-03-18,95.5704157214883,95.61906944317327,95.70830890186127,94.15587875940848,2229969
2022-03-21,98.01517492787923,98.33720077098013,99.20774361404038,96.9179958414088,2437252
2022-03-22,97.5506730125317,97.75604914827862,98.37217352879044,97.17238325203184,4541113
2022-03-23,98.29184397486706,97.82650853029587,99.19392084993932,97.42373077142547,5659798
2022-03-24,93.69479271063692,93.27265938310916,96.3272125332311,92.95562710462312,9036144
2022-03-25,91.58025213899415,91.67325962582183,91.99363115730357,90.57226377801209,9089448
2022-03-28,91.07106010219135,91.05848507908244,91.1366473321458,90.85391358968461,1024365
2022-03-29,89.16578783861283,88.95195459719152,90.32078901093999,88.95195459719152,7368042
2022-03-30,90.4760659652344,90.40246919313464,92.01967066974538,89.03486177271145,3688831
2022-03-31,94.19162601945901,94.43455594234545,95.24610191400618,93.85753086235412,2780218
2022-04-01,92.02856219267885,92.3291380459657,92.3291380459657,89.78375582201035,5995380
2022-04-04,90.52714218626059,90.5825656799802,91.74636404456245,90.0704828628202,1305218
2022-04-05,90.98172723761863,90.87743441136097,91.17339560169005,90.34574508189627,4006844
2022-04-06,93.98930599027945,93.77378546779546,95.0433312475906,93.77378546779546,5970013
2022-04-07,91.74688390654643,91.76699342047718,93.0885492924266,91.66733504532328,3448406
2022-04-08,92.23265521863851,92.06179387303779,92.97899700571604,91.98021075585628,6340530
2022-04-11,95.68295969096813,95.74428781511288,95.77427858769381,94.92673843067772,5140337
2022-04-12,92.60147219735533,92.76505490423096,94.85759192978044,91.18201675320454,8194666
2022-04-13,90.2861125149257,89.89434230307074,91.17400057190756,89.81932047006524,2633707
2022-04-14,89.55128910055433,89.10448858374014,90.16718805983457,88.93872433142118,1513927
2022-04-15,88.65033003940998,88.39526277339347,89.72555543511675,88.10594185934542,5766627
2022-04-18,90.12988361059404,90.4854563643184,91.12957707073575,88.67986799600958,3312053
2022-04-19,90.59372730551061,90.72625756062304,92.0359912234295,89.98805810095418,7360263
2022-04-20,87.46036632137503,87.1734616434998,87.72410507356416,86.47810364345517,1839574
